id,question,cot,answer,unit
NL386,A capacitor has a time-dependent voltage U(t) = 120sin(2000t) and a capacitance C = 10 µF. Calculate the maximum electric field energy.,"Step 1: Identify the given parameters: capacitance C = 10 µF and the time-dependent voltage equation U(t) = 120sin(2000t).
Step 2: Convert the capacitance to standard SI units: C = 10 × 10⁻⁶ F.
Step 3: Extract the maximum voltage (amplitude) U_max from the voltage equation U(t) = U_max × sin(ωt + φ). Here, U_max = 120 V.
Step 4: State the formula for the maximum energy stored in the electric field of a capacitor: W_max = (1/2) × C × U_max².
Step 5: Substitute the values into the formula: W_max = (1/2) × (10 × 10⁻⁶) × 120².
Step 6: Calculate the square of the maximum voltage: 120² = 14400.
Step 7: Perform the multiplication: W_max = 5 × 10⁻⁶ × 14400.
Step 8: The final calculation yields the maximum electric field energy: W_max = 72000 × 10⁻⁶ = 0.072 J.",0.072,J
NL391,A capacitor has a capacitance of 10 µF and a voltage of 200 V. Calculate the electric field energy stored in the capacitor.,"CoT:
Step 1: Identify the given values: Capacitance (C) = 10 µF = 10 × 10⁻⁶ F, and Voltage (V) = 200 V.
Step 2: State the formula for the electric field energy (U_E): U_E = (1/2) × C × V²
Step 3: Substitute the values into the formula: U_E = 1/2 × (10 × 10⁻⁶) × 200²
Step 4: Calculate the final result: U_E = 1/2× 10⁻⁵ × 40000 = 0.2 J.",0.2,J
NL322,An inductor has an inductance of 0.5 H. The current flowing through it is given by the expression I(t) = 2sin(100πt). What is the maximum magnetic field energy (J) of the inductor?,"Step 1: Identify the given inductance L = 0.5 H from the question.
Step 2: Identify the expression for the current flowing through the inductor: I(t) = 2sin(100πt)
Step 3: Determine the maximum current (I_max) from the given current expression I(t) = 2sin(100πt). The maximum value of sin(θ) is 1. Therefore, I_max = 2 A.
Step 4: Recall the formula for the energy (W) stored in an inductor: W = (1/2) × L × I². Therefore, W_max = (1/2) × L × I_max² = (1/2) × 0.5 × 2² = 1 J.",1,J
NL106,A capacitor has a voltage of 90 V and a stored energy of 3.645 mJ. Calculate the capacitance (μF).,"Step 1: Identify the given values: voltage (U) = 90 V and stored energy (E) = 3.645 mJ.
Step 2: Convert the stored energy from millijoules (mJ) to joules (J): E = 3.645 x 10⁻³ J.
Step 3: Use the formula for energy stored in a capacitor, E = (1/2)CU², and rearrange it to solve for capacitance (C): C = 2E / U².
Step 4: Substitute the given values into the formula: C = (2 × 3.645 x 10⁻³ J) / (90 V)², which calculates to C = 9 x 10⁻⁷ F = 0.90 μF.",0.90,μF
NL312,"In an ideal LC oscillation circuit, when the electric field energy reaches its maximum, what is the value of the magnetic field energy?","Step 1: An ideal LC oscillation circuit conserves total energy, meaning the sum of electric field energy and magnetic field energy is constant.
Step 2: The total energy in the circuit continuously oscillates between being stored in the capacitor as electric field energy and in the inductor as magnetic field energy.
Step 3: When the electric field energy in the capacitor reaches its maximum value, the capacitor is fully charged.
Step 4: At the moment the capacitor is fully charged and its electric field energy is maximum, the rate of change of charge (current) in the circuit must instantaneously be zero as the energy transfer reverses direction.
Step 5: Since the current in the circuit I = 0, the magnetic field energy: W_L = (1/2) × L × I^2 = 0.",0,J
NL016,An inductor has a current of 1.8 A and a magnetic field energy of 3.24 mJ. Calculate the inductance L (H).,"Step 1: Identify the given values from the question: Current (I) = 1.8 A and magnetic field energy (E) = 3.24 mJ.
Step 2: Convert the magnetic field energy from millijoules to joules: E = 3.24 mJ = 3.24 × 10⁻³ J.
Step 3: Recall the formula for the energy stored in an inductor: E = (1/2) × L × I², where L is the inductance.
Step 4: Rearrange the formula to solve for L: L = (2 × E) / I² = 0.002 H.",0.002,H
NL010,"An inductor has a current of 4 A, and its magnetic field energy is 3.2 mJ. Calculate its inductance (H).","Step 1: Identify the given values from the question. The current (I) in the inductor is 4 A, and the magnetic field energy (E) stored is 3.2 mJ.
Step 2: Recall the formula for the energy stored in an inductor: E = (1/2) × L × I^2, where L is the inductance.
Step 3: Convert the energy from milli-Joules (mJ) to Joules (J): E = 3.2 × 10^-3 J.
Step 4: Rearrange the formula to solve for the inductance (L): L = 2E / I^2 = 0.0004 H.",0.0004,H
NL017,A capacitor has a capacitance C = 12 μF and stores 1.8 mJ of energy. Calculate the voltage U (V) across it (round the result to two decimal places).,"Step 1: The mathematical relationship defining the energy stored in a capacitor is E = 0.5 × C × U^2, where E represents the stored energy, C represents the capacitance, and U represents the potential difference.
Step 2: Rearranging the standard energy equation to mathematically isolate and solve for the potential difference yields the expression U = sqrt(2 × E / C).
Step 3: Substituting the explicitly specified parameters E = 1.8 × 10^-3 J and C = 12 × 10^-6 F into the derived relationship yields U = sqrt(2 × 1.8 × 10^-3 / (12 × 10^-6)) V.
Step 4: Evaluating the mathematical expression simplifies the radicand to exactly 300, establishing U = sqrt(300) V, or approximately 17.32 V.",17.32,V
NL352,A coil has an inductance of 0.6 H and a current of 2 A. What is the magnetic field energy (J)?,"Step 1: Identify the given inductance (L) from the question, which is 0.6 H.
Step 2: Identify the given current (I) from the question, which is 2 A.
Step 3: Recall the formula for the magnetic energy (W_L) stored in an inductor: W_L = (1/2) × L × I^2.
Step 4: Substitute the given values into the formula: W_L = (1/2) × 0.6 H × (2 A)^2 = 1.2 J.",1.2,J
NL335,"A capacitor with a capacitance of 2 µF is charged and then disconnected from the source. If the distance between the plates is quadrupled, how many times the initial energy is the new electric field energy?","Step 1: The electric capacitance C of an ideal parallel-plate capacitor is mathematically defined by the algebraic equation C = (epsilon_0 × A) / d, where d represents the explicit separation distance between the conductive plates.
Step 2: The instantaneous electric field energy W_C localized within the capacitor is mathematically defined by the algebraic equation W_C = 1/2 × Q^2 / C, where the parameter Q representing the electric charge remains strictly constant due to the physical disconnection from the charging source.
Step 3: Quadrupling the defined physical parameter d to the algebraic quantity 4 × d mathematically modifies the instantaneous capacitance strictly to the composite equation C' = (epsilon_0 × A) / (4 × d), which algebraically simplifies to C' = 0.25 × C.
Step 4: Substituting the modified capacitance parameter into the defined energy relationship yields the algebraic expression W_C' = 1/2 × Q^2 / (0.25 × C), which mathematically simplifies strictly to 4 × (1/2 × Q^2 / C) = 4 × W_C. The final calculated new electric field energy is exactly 4 times the initial energy.",4,-
NL320,What is the SI unit of electric field energy?,"Step 1: The question asks for the SI unit of electric field energy.
Step 2: Electric field energy is a form of energy.
Step 3: The SI unit for any form of energy is the joule.
Step 4: The SI unit of electric field energy is the joule (J).",Joule,J
NL306,What is the shape of the graph of magnetic field energy versus current I?,"Step 1: The question asks for the shape of the graph of magnetic field energy versus current I.
Step 2: The magnetic field energy (W_L) stored in an inductor is given by the formula W_L = (1/2) × L × I^2, where L is the inductance (a positive constant for a given inductor) and I is the current.
Step 3: In this formula, W_L is proportional to the square of the current (W_L ∝ I^2).
Step 4: This functional relationship (y = a × x^2, where y=W_L, x=I, and a=(1/2)L > 0) describes an upward parabola.",upward parabola,-
NL019,An inductor has a current of 2 A and a magnetic energy of 0.5 mJ. Calculate its inductance (mH).,"Step 1: Identify the given current (I) as 2 A and the given magnetic energy (E) as 0.5 mJ.
Step 2: Convert the magnetic energy from millijoules (mJ) to joules (J): E = 0.5 mJ = 0.5 × 10^-3 J.
Step 3: Recall the formula for magnetic energy stored in an inductor: E = (1/2) × L × I^2, where L is inductance.
Step 4: Rearrange the formula to solve for L: L = (2 × E) / I² = 0.25 mH.",0.25,mH
NL375,A capacitor has a maximum charge of 1.5 mC and a capacitance of 6 µF. Calculate the maximum electric field energy.,"Step 1: Identify the given parameters: maximum charge Q_max = 1.5 mC and capacitance C = 6 µF.
Step 2: Convert the given values to standard SI units: Q_max = 1.5 × 10⁻³ C and C = 6 × 10⁻⁶ F.
Step 3: State the formula for the maximum electric field energy of a capacitor: W_max = Q_max² / (2 × C).
Step 4: Substitute the converted values into the formula: W_max = (1.5 × 10⁻³)² / (2 × 6 × 10⁻⁶).
Step 5: Calculate the square of the maximum charge: (1.5 × 10⁻³)² = 2.25 × 10⁻⁶.
Step 6: Calculate the denominator: 2 × 6 × 10⁻⁶ = 12 × 10⁻⁶.
Step 7: Perform the division: W_max = (2.25 × 10⁻⁶) / (12 × 10⁻⁶) = 2.25 / 12.
Step 8: Calculate the final result: W_max = 0.1875 J.",0.1875,J
NL126,An inductor has a current of 1.5 A and a stored magnetic field energy of 1.0125 mJ. Calculate its inductance (H).,"Step 1: Identify the given values: current (I) = 1.5 A and stored magnetic field energy (E) = 1.0125 mJ.
Step 2: Convert the energy from millijoules (mJ) to joules (J): E = 1.0125 × 10^-3 J.
Step 3: Recall the formula for energy stored in an inductor: E = (1/2) × L × I^2, where L is the inductance.
Step 4: Rearrange the formula to solve for inductance (L): L = (2 × E) / I^2 = 0.0009 H.",0.0009,H
NL331,A capacitor with a capacitance of 8 µF is charged to 250 V. What is the electric field energy (J)?,"Step 1: Identify the given capacitance C = 8 µF and voltage U = 250 V.
Step 2: Convert the capacitance from microfarads (µF) to farads (F): C = 8 µF = 8 × 10^-6 F.
Step 3: Recall the formula for the electric field energy (W_C) stored in a capacitor: W_C = (1/2) × C × U².
Step 4: Substitute the converted capacitance and given voltage into the energy formula: W_C = (1/2) × 8 × 10^-6 × 250² = 0.25 J.",0.25,J
NL315,What is the shape of the graph representing the electrostatic energy as a function of capacitance C (keeping voltage U constant)?,"Step 1: Identify the formula for electrostatic energy (W_C) in terms of capacitance (C) and voltage (U).
Step 2: The formula is W_C = (1/2)CU².
Step 3: The question states that voltage (U) is kept constant.
Step 4: In the formula W = (1/2)CU², since (1/2) and U² are positive constants, the graph representing the electrostatic energy (W_C) as a function of capacitance (C) is a straight line with an upward inclination.",Upward straight line,-
NL107,An inductor has an inductance of 0.25 H and a current of 1.6 A. Calculate the magnetic field energy (mJ).,"Step 1: The inductance (L) of the inductor is given as 0.25 H.
Step 2: The current (I) flowing through the inductor is given as 1.6 A.
Step 3: The formula for the magnetic field energy (E) stored in an inductor is E = (1/2) × L × I^2.
Step 4: Substitute the given values into the formula: E = (1/2) × (0.25 H) × (1.6 A)^2 = 0.32 J = 320.00 mJ.",320.00,mJ
NL097,A capacitor has C = 40 μF and U = 150 V. Calculate the energy (mJ) of the electric field.,"Step 1: Identify the given capacitance (C) and voltage (U).
Step 2: The formula for the energy (E) stored in a capacitor is E = (1/2) × C × U^2.
Step 3: Convert the capacitance from microfarads to farads: C = 40 μF = 40 × 10^-6 F.
Step 4: Substitute the values C = 40 × 10^-6 F and U = 150 V into the formula: E = (1/2) × (40 × 10^-6 F) × (150 V)^2 = 0.45 J = 450.00 mJ.",450.00,mJ
NL083,A capacitor is charged with 1.25 mJ of electrical energy and the voltage across it is 25 V. Calculate the capacitance (μF).,"Step 1: Identify the given electrical energy (E) as 1.25 mJ and the voltage (V) as 25 V.
Step 2: Convert the energy from millijoules (mJ) to joules (J): 1.25 mJ = 1.25 × 10⁻³ J.
Step 3: Recall the formula for the energy stored in a capacitor: E = (1/2)CV².
Step 4: Rearrange the formula to solve for capacitance (C): C = 2E / V² = 4.00 μF.",4.00,μF
NL031,A capacitor with capacitance C = 60 μF is charged to U = 150 V. Calculate the electric field energy (mJ) in the capacitor.,"Step 1: The given capacitance of the capacitor is C = 60 μF.
Step 2: The given voltage across the capacitor is U = 150 V.
Step 3: Convert the capacitance from microfarads to farads: C = 60 × 10⁻⁶ F.
Step 4: The formula for the electric field energy (E) stored in a capacitor is E = (1/2)CU² = 0.675 J = 675.00 mJ.",675.00,mJ
NL025,"In a harmonically oscillating LC circuit, when the current is maximum, where is the energy stored?","Step 1: The total electromagnetic energy in an ideal LC oscillating circuit is conserved and continuously transitions between the capacitor and the inductor, mathematically defined by the equation E = E_C + E_L.
Step 2: The instantaneous energy stored within the inductor is governed by the relationship E_L = 0.5 × L × I^2, where L represents the inductance and I represents the instantaneous current.
Step 3: When the instantaneous current reaches its maximum amplitude I = I_0, the magnetic field energy maximizes at E_L = 0.5 × L × I_0^2, which mathematically equates to the total available electromagnetic energy E.
Step 4: Because the total energy is completely conserved and E_L = E at this instant, the remaining electric field energy E_C must mathematically evaluate to zero. The final calculated result establishes that all energy is entirely stored in the magnetic field of the inductor.",all energy is entirely stored in the magnetic field of the inductor,—
NL366,"A capacitor has a charge varying according to q(t) = 2 × 10⁻³ × cos(1000t) C, and its capacitance is C = 5 µF. What is the electric field energy at time t = 0.001 s?","Step 1: Identify the given parameters: the time-dependent charge q(t) = 2 × 10⁻³ × cos(1000t) C, capacitance C = 5 µF, and the specific time t = 0.001 s.
Step 2: Convert the capacitance to standard SI units (Farads): C = 5 × 10⁻⁶ F.
Step 3: Calculate the instantaneous charge at t = 0.001 s. Substitute t = 0.001 into the charge equation: q = 2 × 10⁻³ × cos(1000 × 0.001).
Step 4: Evaluate the argument of the cosine function (in radians): 1000 × 0.001 = 1 rad.
Step 5: Calculate the cosine value and the charge: cos(1) ≈ 0.5403, so q = 2 × 10⁻³ × 0.5403 = 1.0806 × 10⁻³ C.
Step 6: State the formula for the energy stored in the electric field of a capacitor: W = q² / (2 × C).
Step 7: Substitute the calculated charge and capacitance into the formula: W = (1.0806 × 10⁻³)² / (2 × 5 × 10⁻⁶).
Step 8: Calculate the square of the instantaneous charge: (1.0806 × 10⁻³)² ≈ 1.1677 × 10⁻⁶.
Step 9: Calculate the denominator: 2 × 5 × 10⁻⁶ = 10 × 10⁻⁶.
Step 10: Perform the division to find the energy: W = (1.1677 × 10⁻⁶) / (10 × 10⁻⁶) = 0.11677 J.
Step 11: Round the result to three decimal places to get the final answer: W ≈ 0.117 J.",0.117,J
NL308,When will the magnetic field energy in a coil be zero?,"Step 1: The magnetic field energy (W_L) stored in a coil is given by the formula W_L = (1/2) × L × I^2, where L is the inductance of the coil and I is the current flowing through it.
Step 2: For the magnetic field energy W_L to be zero, one of the terms on the right side of the equation (1/2, L, or I^2) must be zero.
Step 3: The factor (1/2) is a constant and cannot be zero. The inductance (L) is a property of the coil itself and is typically a positive, non-zero value for a physical coil.
Step 4: Therefore, for the energy W_L to be zero, the current (I) flowing through the coil must be zero.",When the current is zero,-
NL109,A capacitor has a stored energy of 1 mJ when the voltage across it is 20 V. Calculate its capacitance (μF).,"Step 1: Identify the given values: voltage (U) = 20 V and stored energy (E) = 1 mJ.
Step 2: Convert the stored energy from millijoules (mJ) to joules (J): E = 1 x 10⁻³ J.
Step 3: Use the formula for energy stored in a capacitor, E = (1/2)CU², and rearrange it to solve for capacitance (C): C = 2E / U².
Step 4: Substitute the given values into the formula: C = (2 × 1 x 10⁻³ J) / (20 V)², which calculates to C = 5 x 10⁻⁶ F = 5.00 μF.",5.00,μF
NL338,A coil has an inductance of 0.2 H. The current varies according to I = 3sin(50πt). Calculate the maximum magnetic field energy (J).,"Step 1: Identify the given inductance (L) from the question: L = 0.2 H.
Step 2: Identify the current equation from the question: I = 3sin(50πt).
Step 3: Determine the maximum current (I_max) from the current equation. Since the maximum value of sin(θ) is 1, I_max = 3 A.
Step 4: Recall the formula for the magnetic field energy (W_L) stored in an inductor: W_L = (1/2) × L × I². Therefore, the maximum magnetic field energy is: W_L_max = (1/2) × L × I_max² = (1/2) × 0.2 × 3² = 0.9 J.",0.9,J
NL334,An inductor has a magnetic energy of 0.2 J when the current is 2 A. What is its inductance (H)?,"Step 1: Identify the given information: magnetic energy (W_L) = 0.2 J and current (I) = 2 A.
Step 2: Recall the formula for the magnetic energy stored in an inductor: W_L = (1/2) × L × I^2, where L is the inductance.
Step 3: Rearrange the formula to solve for L: L = (2 × W_L) / I^2.
Step 4: Substitute the given values into the rearranged formula: L = (2 × 0.2 J) / (2 A)^2 = 0.1 H.",0.1,H
NL020,An inductor has an inductance of 0.6 H and a current of 1.5 A. Calculate the magnetic field energy (mJ).,"Step 1: Identify the given values from the question: Inductance (L) = 0.6 H and Current (I) = 1.5 A.
Step 2: Recall the formula for the magnetic field energy (E_B) stored in an inductor: E_B = (1/2) × L × I^2.
Step 3: Substitute the given values into the formula: E_B = (1/2) × (0.6 H) × (1.5 A)^2.
Step 4: The final calculated value is: E_B = 0.675 J = 675.00 mJ.",675.00,mJ
NL086,An inductor has a magnetic field energy of 0.36 mJ and an inductance of 0.09 H. Calculate the current (A) through the inductor (round the result to two decimal places).,"Step 1: Convert the magnetic field energy from millijoules (mJ) to joules (J): E = 0.36 mJ = 0.36 × 10^-3 J.
Step 2: Identify the given inductance L = 0.09 H.
Step 3: Apply the formula I = √(2E / L) to calculate the current (I).
Step 4: The current through the inductor is exactly √5 / 25 A, or approximately 0.09 A.",2.83,A
NL116,An inductor has a current of 2.2 A and a magnetic energy of 1.21 mJ. Calculate the inductance (H).,"Step 1: Identify the given values: current (I) = 2.2 A and magnetic energy (E) = 1.21 mJ.
Step 2: Convert the magnetic energy from millijoules to joules: E = 1.21 × 10^-3 J.
Step 3: Recall the formula for the magnetic energy stored in an inductor: E = (1/2) × L × I^2.
Step 4: Rearrange the formula to solve for inductance (L): L = 2 × E / I^2 = 0.0005 H.",0.0005,H
NL379,"An ideal LC circuit has L = 0.3 H and C = 12 µF. When the voltage across the capacitor is 200 V, what is the magnetic field energy? (Given that the total energy is 0.24 J)","Step 1: Identify the given parameters: inductance L = 0.3 H, capacitance C = 12 µF, instantaneous voltage V = 200 V, and total energy W = 0.24 J.
Step 2: Convert the capacitance to standard SI units: C = 12 × 10⁻⁶ F.
Step 3: Calculate the instantaneous electric field energy stored in the capacitor using the formula: W_C = (1/2) × C × V².
Step 4: Substitute the given values into the formula: W_C = (1/2) × (12 × 10⁻⁶) × 200².
Step 5: Calculate the square of the voltage: 200² = 40000.
Step 6: Perform the calculation for electric field energy: W_C = 6 × 10⁻⁶ × 40000 = 0.24 J.
Step 7: State the principle of conservation of energy in an LC circuit: Total energy W = W_C + W_L.
Step 8: Rearrange to solve for the magnetic field energy: W_L = W - W_C.
Step 9: Substitute the values: W_L = 0.24 - 0.24 = 0 J.",0,J
NL108,A capacitor has a capacitance of 12 μF and a voltage of 70 V. Calculate the stored electric field energy (mJ).,"Step 1: Identify the given capacitance C = 12 μF and convert to Farads: C = 12 x 10^-6 F.
Step 2: Identify the given voltage U = 70 V.
Step 3: Recall the formula for stored electric field energy (E) in a capacitor: E = (1/2) × C × U^2.
Step 4: Substitute the values into the formula: E = (1/2) × (12 x 10^-6 F) × (70 V)^2 = 0.0294 J = 29.40 mJ.",29.40,mJ
NL006,The energy stored in a 10 μF capacitor is 0.5 mJ. Calculate the voltage (unit: V) across its plates.,"Step 1: Identify the given values: capacitance (C) = 10 μF and energy stored (E) = 0.5 mJ.
Step 2: Convert the given values to standard SI units: C = 10 × 10⁻⁶ F and E = 0.5 × 10⁻³ J.
Step 3: Recall the formula for energy stored in a capacitor: E = 0.5 × C × U², where U is the voltage.
Step 4: Rearrange the formula to solve for voltage U: U = √(2E / C) = 10.00 V.",10.00,V
NL343,A charged capacitor has a charge of 900 µC and a capacitance of 3 µF. What is the energy (J) stored in the capacitor?,"Step 1: Identify the given values from the question: Charge Q = 900 µC and Capacitance C = 3 µF.
Step 2: Convert the given values to SI units: Q = 900 × 10⁻⁶ C and C = 3 × 10⁻⁶ F.
Step 3: Recall the formula for the energy stored in a capacitor given charge and capacitance: W = (1/2) × Q² / C.
Step 4: Substitute the converted values into the formula: W = (1/2) × (900 × 10⁻⁶ C)² / (3 × 10⁻⁶ F) = 0.135 J.",0.135,J
NL380,A capacitor has a voltage U(t) = 250cos(2000t) and a capacitance of 4 µF. What is the electric field energy at time t = 1 ms?,"Step 1: Identify the given parameters: the time-dependent voltage U(t) = 250cos(2000t), capacitance C = 4 µF, and the specific time t = 1 ms.
Step 2: Convert the capacitance and time to standard SI units: C = 4 × 10⁻⁶ F and t = 1 × 10⁻³ s = 0.001 s.
Step 3: Calculate the instantaneous voltage at the given time. Substitute t = 0.001 into the voltage equation: U = 250 × cos(2000 × 0.001).
Step 4: Evaluate the argument of the cosine function (in radians): 2000 × 0.001 = 2 rad.
Step 5: Calculate the cosine value and the voltage: cos(2) ≈ -0.41615, so U ≈ 250 × (-0.41615) ≈ -104.037 V.
Step 6: State the formula for the energy stored in the electric field of a capacitor: W = (1/2) × C × U².
Step 7: Substitute the calculated voltage and capacitance into the formula: W = (1/2) × (4 × 10⁻⁶) × (-104.037)².
Step 8: Calculate the square of the instantaneous voltage: (-104.037)² ≈ 10823.7.
Step 9: Perform the calculation: W = 2 × 10⁻⁶ × 10823.7 ≈ 0.021647 J.
Step 10: Round the result to four decimal places to get the final answer: W ≈ 0.0216 J.",0.0216,J
NL374,A coil has an instantaneous current I(t) = 3sin(500t) and an inductance L = 0.2 H. What is the magnetic field energy at time t = 1 ms?,"Step 1: Identify the given parameters: the time-dependent current I(t) = 3sin(500t), inductance L = 0.2 H, and the specific time t = 1 ms.
Step 2: Convert the time to standard SI units (seconds): t = 1 × 10⁻³ s = 0.001 s.
Step 3: Calculate the instantaneous current at the given time. Substitute t = 0.001 into the current equation: I = 3 × sin(500 × 0.001).
Step 4: Evaluate the argument of the sine function (in radians): 500 × 0.001 = 0.5 rad.
Step 5: Calculate the sine value and the current: sin(0.5) ≈ 0.4794, so I = 3 × 0.4794 = 1.4382 A.
Step 6: State the formula for the magnetic energy stored in an inductor: W = (1/2) × L × I².
Step 7: Substitute the calculated current and the given inductance into the formula: W = (1/2) × 0.2 × (1.4382)².
Step 8: Calculate the square of the instantaneous current: (1.4382)² ≈ 2.0684.
Step 9: Perform the calculation: W = 0.1 × 2.0684 = 0.20684 J.
Step 10: Round the result to two decimal places to get the final answer: W ≈ 0.21 J.",0.21,J
NL119,"An LC circuit is oscillating, and the current is zero. What form of energy is present at this moment?","Step 1: The problem describes an oscillating LC circuit where the current is zero.
Step 2: The energy stored in the inductor (magnetic energy) is given by (1/2) × L × I^2, where I is the current.
Step 3: Since the current (I) is zero at this moment, the magnetic energy stored in the inductor is also zero (1/2) × L × 0^2 = 0.
Step 4: In an ideal LC circuit, the total energy is conserved and oscillates between the inductor and the capacitor. Since the magnetic energy is 0, all the energy is stored in the electric field of the capacitor.",all the energy is stored in the electric field of the capacitor,—
NL323,"In a parallel-plate capacitor, if the distance between the two plates is doubled and the electric charge remains constant, how will the electric field energy change?","Step 1: The electric capacitance C of an ideal parallel-plate capacitor is mathematically defined by the algebraic equation C = (epsilon_0 × A) / d, where d represents the explicit separation distance between the conductive plates.
Step 2: The instantaneous electric field energy W_C localized within the capacitor is mathematically defined by the algebraic equation W_C = 1/2 × Q^2 / C, where the explicitly specified parameter Q representing the invariant electric charge remains strictly constant.
Step 3: Doubling the defined physical parameter d to the algebraic quantity 2 × d mathematically modifies the instantaneous capacitance strictly to the composite equation C' = (epsilon_0 × A) / (2 × d), which algebraically simplifies to C' = 0.5 × C.
Step 4: Substituting the modified capacitance parameter into the defined energy relationship yields the algebraic expression W_C' = 1/2 × Q^2 / (0.5 × C), which mathematically simplifies strictly to 2 × (1/2 × Q^2 / C) = 2 × W_C. The final calculated electric field energy exactly doubles its initial magnitude.",Doubled,-
NL092,"A capacitor has an initial energy of 1.6 mJ. After a period of LC oscillation, its energy is reduced to 0.4 mJ. What is the percentage loss (%)?","Step 1: The percentage loss of energy in a capacitor is mathematically defined by the ratio of the energy difference to the initial energy, expressed by the equation Percentage Loss = ((E_C1 - E_C2) / E_C1) × 100.
Step 2: The explicitly provided physical parameters are an initial electric field energy of E_C1 = 1.6 × 10^-3 J and a final electric field energy of E_C2 = 0.4 × 10^-3 J.
Step 3: Substituting the specified numerical values into the mathematical definition yields the algebraic expression ((1.6 × 10^-3 - 0.4 × 10^-3) / (1.6 × 10^-3)) × 100.
Step 4: Evaluating the algebraic expression simplifies the ratio to (1.2 / 1.6) × 100, which mathematically yields the scalar value 75. The final determined percentage loss is 75%.",75,%
NL036,"A capacitor C = 45 μF, U = 60 V. Calculate the stored electric field energy (mJ).","Step 1: Identify the given values from the question: Capacitance (C) = 45 μF and Voltage (U) = 60 V.
Step 2: Recall the formula for the energy (E) stored in a capacitor: E = (1/2)CU².
Step 3: Convert the capacitance from microfarads to farads: C = 45 × 10⁻⁶ F.
Step 4: Substitute the values into the formula: E = (1/2) × (45 × 10⁻⁶ F) × (60 V)² = 0.081 J = 81.00 mJ.",81.00,mJ
NL329,The magnetic field energy in an ideal LC circuit is described by the expression: W_L = W₀cos²(ωt). What is the expression for the electric field energy?,"Step 1: In an ideal LC circuit, the total electromagnetic energy W is strictly conserved and mathematically defined by the constant algebraic sum W = W_L + W_C, where W_L represents the instantaneous magnetic field energy and W_C represents the instantaneous electric field energy.
Step 2: The instantaneous magnetic field energy is mathematically defined by the explicitly provided algebraic expression W_L = W_0 × cos^2(omega × t), where W_0 represents the absolute maximum energy amplitude.
Step 3: The absolute maximum magnetic field energy mathematically evaluates strictly to the total conserved electromagnetic energy, establishing the algebraic equality W = W_0.
Step 4: Applying the principle of energy conservation algebraically yields the equation W_0 = W_0 × cos^2(omega × t) + W_C. Solving strictly for the instantaneous electric field energy yields the algebraic expression W_C = W_0 × (1 - cos^2(omega × t)). Applying the standard Pythagorean trigonometric identity mathematically transforms this expression to yield the final calculated expression for the electric field energy as W_C = W_0 × sin^2(omega × t).",W_C = W₀sin²(ωt),J
NL101,An 80 μF capacitor is charged to 60 V. Calculate the energy stored (mJ) in the capacitor.,"Step 1: Identify the given values from the question: Capacitance (C) = 80 μF and Voltage (U) = 60 V.
Step 2: Convert the capacitance from microfarads to farads: 80 μF = 80 x 10^-6 F.
Step 3: Recall the formula for the energy (E) stored in a capacitor: E = 1/2 × C × U^2.
Step 4: Substitute the given values into the formula: E = 1/2 × (80 x 10^-6 F) × (60 V)^2 = 0.144 J = 144.00 mJ.",144.00,mJ
NL372,"An inductor has an inductance of 0.25 H. When the current reaches its maximum value of 2√2 A, what is the maximum magnetic field energy?","Step 1: Identify the given parameters: inductance L = 0.25 H and maximum current I_max = 2√2 A.
Step 2: State the formula for the maximum magnetic energy stored in an inductor: W_max = (1/2) × L × I_max².
Step 3: Substitute the given values into the formula: W_max = (1/2) × 0.25 × (2√2)².
Step 4: Calculate the square of the maximum current: (2√2)² = 2² × (√2)² = 4 × 2 = 8.
Step 5: Perform the multiplication: W_max = (1/2) × 0.25 × 8.
Step 6: Simplify the expression to find the maximum magnetic field energy: W_max = 0.125 × 8 = 1 J.",1,J
NL117,A capacitor has C = 15 μF and U = 60 V. Calculate the stored electric field energy (mJ).,"Step 1: Identify the given capacitance (C) and voltage (U).
Step 2: The capacitance is C = 15 μF. The voltage is U = 60 V.
Step 3: Convert the capacitance from microfarads (μF) to farads (F): C = 15 × 10⁻⁶ F.
Step 4: Recall the formula for the energy (E) stored in a capacitor: E = (1/2) × C × U² = 0.0027 J = 27.00 mJ.",27.00,mJ
NL110,"An inductor has a current of 2.5 A, and its magnetic field energy is 6.25 mJ. Calculate its inductance L (H).","Step 1: Identify the given values: current I = 2.5 A and magnetic field energy E = 6.25 mJ.
Step 2: Convert the magnetic field energy from millijoules to joules: E = 6.25 x 10^-3 J.
Step 3: Recall the formula for the magnetic energy stored in an inductor: E = (1/2) × L × I^2.
Step 4: Rearrange the formula to solve for the inductance L: L = (2 × E) / I^2 = 0.002 H.",0.002,H
NL030,"An LC circuit is oscillating. When the electric field energy equals the magnetic field energy, what percentage () of the peak current is the instantaneous current (round the result to one decimal place)?","Step 1: The total electromagnetic energy in an ideal oscillating LC circuit is conserved and mathematically defined as the sum of the instantaneous electric field energy and magnetic field energy, expressed by the equation E = E_C + E_L.
Step 2: The instantaneous magnetic field energy is defined by E_L = 0.5 × L × i^2, and the total circuit energy equates to the maximum magnetic energy E = 0.5 × L × I_0^2, where L represents inductance, i represents instantaneous current, and I_0 represents peak current.
Step 3: The specified condition establishes that the electric field energy equals the magnetic field energy, mathematically expressed as E_C = E_L, which simplifies the total energy conservation equation to W = 2 × W_L.
Step 4: Substituting the respective energy equations yields 0.5 × L × I_0^2 = 2 × (0.5 × L × i^2), which algebraically simplifies to the mathematical ratio i / I_0 = 1 / sqrt(2). Evaluating this expression establishes a final calculated percentage of 50 × sqrt(2)%, which is approximately 70.7%.",70.7,%
NL339,"A capacitor has a capacitance of 6 µF, and the charge on the capacitor is 1200 µC. What is the electric field energy?","Step 1: Identify the given values from the question: capacitance (C) = 6 µF and charge (Q) = 1200 µC.
Step 2: Convert the given values to SI units: C = 6 × 10⁻⁶ F and Q = 1200 × 10⁻⁶ C = 1.2 × 10⁻³ C.
Step 3: Use the formula for the energy (W_C) stored in a capacitor, which is W_C = (1/2)Q²/C.
Step 4: Substitute the converted values into the formula: W_C = (1/2) × (1.2 × 10⁻³ C)² / (6 × 10⁻⁶ F) = 0.12 J.",0.12,J
NL363,"An inductor with an inductance L = 0.5 H is in an ideal LC circuit. When the current through the inductor is 2√2 A, what is the magnetic field energy?","Step 1: Identify the given parameters from the problem: inductance L = 0.5 H and current I = 2√2 A.
Step 2: State the formula for the magnetic energy stored in an inductor: W = (1/2) × L × I².
Step 3: Substitute the given values into the formula: W = (1/2) × 0.5 × (2√2)².
Step 4: Calculate the square of the current: (2√2)² = 2² × (√2)² = 4 × 2 = 8.
Step 5: Perform the multiplication: W = (1/2) × 0.5 × 8.
Step 6: Simplify the expression to find the final magnetic field energy: W = 0.25 × 8 = 2 J.",2,J
NL376,"An ideal LC circuit has a total oscillation energy of 0.4 J. When the electric field energy is 0.16 J, what is the instantaneous voltage across the capacitor with a capacitance of 20 µF?","Step 1: Identify the given parameters: total energy W = 0.4 J, instantaneous electric field energy W_C = 0.16 J, and capacitance C = 20 µF. (Note: The total energy is extra information not needed to find the voltage).
Step 2: Convert the capacitance to standard SI units: C = 20 × 10⁻⁶ F.
Step 3: State the formula for the energy stored in the electric field of a capacitor: W_C = (1/2) × C × V², where V is the instantaneous voltage.
Step 4: Rearrange the formula to solve for the square of the voltage (V²): V² = (2 × W_C) / C.
Step 5: Substitute the given values into the rearranged formula: V² = (2 × 0.16) / (20 × 10⁻⁶).
Step 6: Calculate the numerator: 2 × 0.16 = 0.32.
Step 7: Perform the division: V² = 0.32 / (20 × 10⁻⁶) = 16000.
Step 8: Take the square root to find the instantaneous voltage: V = √16000 ≈ 126.491 V.
Step 9: Round to two decimal places: V = 126.49 V.",126.49,V
NL032,A capacitor with C = 20 μF stores 2 mJ of energy. Calculate the voltage (unit: V) across its plates (round the result to two decimal places).,"Step 1: Identify the given capacitance C =  20 μF and stored energy E = 2 mJ.
Step 2: Convert the given values to standard SI units: C = 20 × 10^-6 F and E = 2 × 10^-3 J.
Step 3: Recall the formula relating stored energy, capacitance, and voltage for a capacitor: E = (1/2) × C × U^2.
Step 4: Rearrange the formula to solve for the voltage (U): U = √(2E / C) = 10√2 V ≈ 14.14 V.",14.14,V
NL364,"An LC circuit oscillates with a total energy of 0.8 J. At the moment the electric field energy is 0.2 J, what is the magnetic field energy?","Step 1: Identify the given parameters from the problem: total energy W = 0.8 J and electric field energy W_C = 0.2 J.
Step 2: State the principle of conservation of energy in an ideal LC circuit: The total energy is the sum of the electric field energy (stored in the capacitor) and the magnetic field energy (stored in the inductor), so W = W_C + W_L.
Step 3: Rearrange the formula to solve for the magnetic field energy: W_L = W - W_C.
Step 4: Substitute the given values into the equation: W_L = 0.8 - 0.2.
Step 5: Perform the subtraction to find the final result: W_L = 0.6 J.",0.6,J
NL013,A capacitor with a capacitance of 22 μF stores 2.42 mJ of energy. Calculate the potential difference U (V) between its plates (round the result to two decimal places).,"Step 1: The mathematical relationship defining the energy stored in a capacitor is E = 0.5 × C × U^2, where E represents the stored energy, C represents the capacitance, and U represents the potential difference.
Step 2: Rearranging the standard energy equation to mathematically isolate and solve for the potential difference yields the expression U = sqrt(2 × E / C).
Step 3: Substituting the explicitly specified parameters E = 2.42 × 10^-3 J and C = 22 × 10^-6 F into the derived relationship yields U = sqrt(2 × 2.42 × 10^-3 / (22 × 10^-6)) V.
Step 4: Evaluating the mathematical expression simplifies the radicand to exactly 220, establishing U = sqrt(220) V, or approximately 14.83 V.",14.83,V
NL082,"An inductor has an inductance L = 0.1 H, and a current of 4 A flows through it. Calculate the stored magnetic energy (mJ).","Step 1: Identify the given inductance (L) from the question.
Step 2: Identify the given current (I) from the question.
Step 3: Recall the formula for the magnetic energy (E) stored in an inductor: E = (1/2) × L × I^2.
Step 4: Substitute the given values L = 0.1 H and I = 4 A into the formula. The final calculated value of E: E = 0.8 J = 800.00 mJ.",800.00,mJ
NL389,"Question:
In an ideal LC circuit, the total oscillating energy is 0.5 J. At the moment when the electric field energy is 0.125 J, what is the magnetic field energy?","CoT:
Step 1: In an ideal LC circuit, the total energy (U_total) is conserved and is the sum of the electric field energy (U_E) and the magnetic field energy (U_B): U_total = U_E + U_B.
Step 2: The total oscillating energy in the circuit is given as U_total = 0.5 J.
Step 3: The electric field energy at the specified moment is given as U_E = 0.125 J.
Step 4: The magnetic field energy can be calculated by the formula: U_B = U_total - U_E.
Step 5: Substitute the values into the formula: U_B = 0.5 - 0.125 = 0.375 J.",0.375,J
NL096,"An LC circuit is oscillating. When the magnetic energy is 0.75 of the total energy, what percentage (%) of the maximum current is the instantaneous current?","Step 1: The instantaneous magnetic field energy E_L in an LC circuit is mathematically defined by the equation E_L = 1/2 × L × i^2, and the constant total energy E is defined by the equation E = 1/2 × L × I_0^2, where L represents inductance, i represents instantaneous current, and I_0 represents maximum current.
Step 2: The established condition explicitly defines the magnetic field energy as 0.75 of the total energy, yielding the mathematical relationship E_L = 0.75 × W.
Step 3: Substituting the mathematical definitions into this relationship yields the algebraic equation 1/2 × L × i^2 = 0.75 × (1/2 × L × I_0^2), which algebraically simplifies to the squared current ratio (i / I_0)^2 = 0.75.
Step 4: Solving this equation for the current ratio yields i / I_0 = sqrt(0.75), which mathematically evaluates to sqrt(3) / 2. The percentage is defined by the mathematical product (sqrt(3) / 2) × 100. The final determined percentage of the maximum current is 50×sqrt(3)%, approximately equal to 86.6%.",86.6,%
NL309,"When the voltage across the capacitor doubles, how will the electric field energy change?","Step 1: The electric field energy (W_C) stored in a capacitor is given by the formula W_C = (1/2) × C × U^2, where C is the capacitance and U is the voltage across the capacitor.
Step 2: Let the initial voltage across the capacitor be U_initial. The initial stored energy is W_C_initial = (1/2) × C × (U_initial)^2.
Step 3: The question states that the voltage across the capacitor doubles, so the new voltage U_new = 2 × U_initial.
Step 4: Substitute the new voltage into the energy formula to find the new stored energy: W_C_new = (1/2) × C × (U_new)^2 = (1/2) × C × (2 × U_initial)^2 = 4 × (1/2) × C × (U_initial)^2 = 4 × W_C_initial. Therefore, when the voltage across the capacitor doubles, the electric field energy will increase by 4 times.",Increase by 4 times,-
NL304,"An inductor has an inductance of 0.2 H, and a current of 3 A flows through it. What is the magnetic field energy (J)?","Step 1: Identify the given inductance (L) and current (I) from the question.
Step 2: Recall the formula for the magnetic energy (W_L) stored in an inductor: W_L = (1/2) × L × I^2.
Step 3: Substitute the given values L = 0.2 H and I = 3 A into the formula.
Step 4: Calculate the result: W_L = (1/2) × 0.2 × 3^2 = 0.9 J.",0.9,J
NL027,A capacitor with C = 10 μF has a stored energy of 2.5 mJ. Calculate the voltage (unit: V) across its plates (round the result to two decimal places).,"Step 1: Identify the given values from the question: Capacitance C = 10 μF and Stored energy E = 2.5 mJ.
Step 2: Convert the given values to standard SI units: C = 10 × 10⁻⁶ F and E = 2.5 × 10⁻³ J.
Step 3: Recall the formula for the energy stored in a capacitor, which relates energy (E), capacitance (C), and voltage (U): E = (1/2)CU².
Step 4: Rearrange the formula to solve for the voltage U: U² = 2E / C, so U = √(2E / C) = 10√5 V ≈ 22.36 V.",22.36,V
NL039,"In an oscillating LC circuit, when the electric field energy is 1/4 of the total energy, what percentage (%) of the maximum current is the instantaneous current (round the result to one decimal place)?","Step 1: The total electromagnetic energy in an ideal oscillating LC circuit is conserved and mathematically defined as the sum of the instantaneous electric field energy and magnetic field energy, expressed by the equation E = E_C + E_L.
Step 2: The instantaneous electric field energy is specified as E_C = 0.25 × E, which simplifies the total energy conservation equation to E_L = E - 0.25 × E, establishing the instantaneous magnetic field energy as E_L = 0.75 × E.
Step 3: The instantaneous magnetic field energy is mathematically defined by E_L = 0.5 × L × i^2, and the total circuit energy equates to the maximum magnetic energy E = 0.5 × L × I_0^2, where L represents inductance, i represents instantaneous current, and I_0 represents maximum current.
Step 4: Substituting the respective energy equations into the proportional relationship yields 0.5 × L × i^2 = 0.75 × (0.5 × L × I_0^2), which algebraically simplifies to the mathematical ratio i / I_0 = sqrt(3) / 2. Evaluating this expression establishes a final calculated percentage of 50 × sqrt(3)%, which is approximately 86.6%.",86.6,%
NL328,"A parallel-plate capacitor is charged and then disconnected from the source. If the distance between the plates is tripled, how will the electric field energy change?","Step 1: When a charged capacitor is disconnected from its source, the charge (Q) stored on its plates remains constant.
 Step 2: The capacitance (C) of a parallel-plate capacitor is given by the formula C = εA/d, where ε is the permittivity, A is the plate area, and d is the distance between the plates.
 Step 3: The electric field energy (W_C) stored in a capacitor can be expressed as W_C = Q² / (2C), using the constant charge Q.
 Step 4: If the distance (d) between the plates is tripled, the new distance d' = 3d. Therefore, the new capacitance: C' = εA/d' =  εA/3d = C/3.
Step 5: Substitute the new values into the formula to calculate the new energy: W_C' = Q² / (2C') = Q² / (2C/3) = 3 × Q² / (2C) = 3 × W_C. Therefore, if the distance between the plates is tripled, the electric field energy change will increase by 3 times.",triple,-
NL367,"An inductor in an LC circuit has an instantaneous current I = 1.5cos(2000t), and an inductance L = 0.4 H. What is the magnetic field energy at time t = 5 × 10⁻⁴ s?","Step 1: Identify the given parameters: the time-dependent current I(t) = 1.5cos(2000t), inductance L = 0.4 H, and the specific time t = 5 × 10⁻⁴ s.
Step 2: Calculate the instantaneous current at the given time. Substitute t = 5 × 10⁻⁴ into the current equation: I = 1.5 × cos(2000 × 5 × 10⁻⁴).
Step 3: Evaluate the argument of the cosine function (in radians): 2000 × 5 × 10⁻⁴ = 1 rad.
Step 4: Calculate the cosine value and the current: cos(1) ≈ 0.5403, so I ≈ 1.5 × 0.5403 = 0.81045 A.
Step 5: State the formula for the magnetic energy stored in an inductor: W_L = (1/2) × L × I².
Step 6: Substitute the calculated current and the given inductance into the formula: W_L = (1/2) × 0.4 × (0.81045)².
Step 7: Calculate the square of the instantaneous current: (0.81045)² ≈ 0.6568.
Step 8: Perform the final calculation: W_L = 0.2 × 0.6568 = 0.13136 J.
Step 9: Round the result to three decimal places to get the final answer: W_L ≈ 0.131 J.",0.131,J
NL344,A capacitor charged to 250 V has an electric field energy of 0.2 J. Calculate the capacitance (µF) of the capacitor.,"Step 1: Identify the given values: Voltage (U) = 250 V, Energy (W_C) = 0.2 J.
Step 2: Recall the formula for the energy stored in a capacitor: W_C = (1/2) × C × U^2.
Step 3: Rearrange the formula to solve for capacitance (C): C = (2 × W_C) / U^2.
Step 4: Substitute the given values into the formula: C = (2 × 0.2 J) / (250 V)^2 = 6.4 × 10^-6 F = 6.4 µF.",6.4,µF
NL396,A coil has a magnetic field energy of 1.28 J and a current of 4 A. Calculate the inductance of the coil.,"CoT: 
Identify the given values from the question: Magnetic field energy (U_B) = 1.28 J and current (I) = 4 A.
Step 2: State the formula for the energy stored in a coil: U_B = (1/2) × L × I²
Step 3: Rearrange the formula to solve for inductance (L): L = (2 × U_B) / I²
Step 4: Substitute the values into the formula: L = (2 × 1.28) / 4²
Step 5: Calculate the value of I squared: 4² = 16.
Step 6: Calculate the final inductance: L = 2.56 / 16 = 0.16 H.",0.16,H
NL350,"A parallel-plate capacitor has a constant charge. When the distance between the two plates increases from 2 mm to 6 mm, how does the electric field energy change?","Step 1: The instantaneous electric field energy W_C localized within an ideal parallel-plate capacitor is mathematically defined by the algebraic equation W_C = 1/2 × Q^2 / C, where the parameter Q representing the stored electric charge remains strictly constant.
Step 2: The electric capacitance C of the ideal parallel-plate capacitor is mathematically defined by the algebraic equation C = (epsilon_0 × A) / d, establishing a strictly inverse proportional relationship between the capacitance C and the explicit separation distance d.
Step 3: Increasing the explicitly specified physical parameter from the initial separation distance d_1 = 2 mm to the final separation distance d_2 = 6 mm mathematically modifies the initial capacitance C_1 strictly to the final capacitance C_2 = (2 / 6) × C_1, simplifying algebraically to C_2 = C_1 / 3.
Step 4: Substituting the modified capacitance parameter into the defined energy relationship mathematically yields the algebraic expression W_C2 = 1/2 × Q^2 / (C_1 / 3), which algebraically simplifies strictly to 3 × (1/2 × Q^2 / C_1) = 3 × W_C1. The final calculated electric field energy increases strictly to 3 times its initial magnitude.",increase 3 times,-
NL003,"An inductor has an inductance L = 0.2 H, and the current flowing through it is 3 A. Calculate the magnetic field energy (mJ) stored in the inductor.","Step 1: Identify the given inductance (L) and current (I) from the question.
Step 2: The inductance L = 0.2 H.
Step 3: The current I = 3 A.
Step 4: Use the formula for the magnetic field energy (E) stored in an inductor: E = (1/2) × L × I^2 = (1/2) × 0.2 × 3^2 = 0.9 J = 900.00 mJ.",900.00,mJ
NL087,A capacitor C = 22 μF is charged to U = 90 V. Calculate the electric field energy (mJ).,"Step 1: Identify the given values: capacitance C = 22 μF and voltage U = 90 V.
Step 2: Convert the capacitance from microfarads to farads: C = 22 × 10⁻⁶ F.
Step 3: Recall the formula for the energy (E) stored in a capacitor: E = (1/2) × C × U².
Step 4: Substitute the values into the formula: E = (1/2) × (22 × 10⁻⁶ F) × (90 V)² = 0.0891 J = 89.10 mJ.",89.10,mJ
NL307,"When two identical capacitors are connected in series to a voltage source, how does the total stored energy compare to when they are connected in parallel?","Step 1: Let the capacitance of each identical capacitor be C, and the voltage of the source be U.
Step 2: When two identical capacitors are connected in series, their equivalent capacitance C_series is given by 1/C_series = 1/C + 1/C, which simplifies to C_series = C/2.
Step 3: The total energy stored in the series connection, W_series, is (1/2) × C_series × U^2 = (1/2) × (C/2) × U^2 = (1/4) × C × U^2.
Step 4: When two identical capacitors are connected in parallel, their equivalent capacitance C_parallel is given by C_parallel = C + C = 2C.
Step 5: The total energy stored in the parallel connection, W_parallel, is (1/2) × C_parallel × U^2 = (1/2) × (2C) × U^2 = C × U^2.
Step 6: Therefore, the total energy stored in the series connection (W_series) is smaller than the total energy stored in the parallel connection (W_parallel).",less than,-
NL351,A capacitor has a capacitance of 12 µF and a voltage of 100 V. Calculate the electric field energy (J).,"Step 1: Identify the given capacitance C = 12 µF and voltage U = 100 V.
Step 2: Recall the formula for electric field energy (W_C) stored in a capacitor: W_C = 0.5 × C × U^2.
Step 3: Convert the capacitance from microfarads to farads: C = 12 µF = 12 × 10^-6 F.
Step 4: Substitute the values C = 12 × 10^-6 F and U = 100 V into the formula: W_C = 0.5 × 12 × 10^-6 × 100^2 = 0.06 J.",0.06,J
NL333,What is the capacitance (µF) of a charged capacitor that has 0.36 J of energy and a voltage of 120 V?,"Step 1: Identify the given stored energy (W_C) of the capacitor as 0.36 J.
Step 2: Identify the given voltage (U) across the capacitor as 120 V.
Step 3: Recall the formula for the energy stored in a capacitor: W_C = (1/2) × C × U^2, where C is the capacitance.
Step 4: Rearrange the formula to solve for capacitance (C): C = 2 × W_C / U^2 = 2 × 0.36 / 120^2 = 5 × 10^-5 J = 50 µF.",50,µF
NL037,An inductor has a magnetic field energy of 0.2 mJ when the current is 0.2 A. Calculate the inductance (H).,"Step 1: Identify the given magnetic field energy E = 0.2 mJ and current I = 0.2 A.
Step 2: Convert the energy from milliJoules to Joules: E = 0.2 mJ = 0.2 × 10^-3 J.
Step 3: State the formula for inductance ($L$) derived from the energy stored in an inductor: L = 2E / I^2.
Step 4: Substitute the given values into the formula: L = 2 × 0.2 × 10^-3 / 0.2^2 = 0.01 H.",0.01,H
NL349,"An inductor has an inductance of 0.2 H, and the current as a function of time is I = 2cos(100πt). What is the magnetic energy (J) at time t = 0?","Step 1: Identify the formula for magnetic energy stored in an inductor: W_L = (1/2) × L × I^2.
Step 2: Identify the given inductance L = 0.2 H and the current function I = 2cos(100πt).
Step 3: Calculate the current at the specified time t = 0: I(0) = 2 A.
Step 4: Substitute the inductance and the current at t = 0 into the magnetic energy formula: W_L(0) = (1/2) × L × I(0)^2 = (1/2) × 0.2 × 2^2 = 0.4 J.",0.4,J
NL023,"An inductor has a magnetic field energy of 2.0 mJ. If the current is halved, what is the remaining energy (mJ)?","Step 1: The mathematical relationship defining the magnetic field energy stored in an inductor is E_1 = 0.5 × L × I_1^2, where E_1 represents the initial energy, L represents the inductance, and I_1 represents the initial current.
Step 2: The current is specified to be halved, mathematically establishing the new current parameter as I_2 = 0.5 × I_1.
Step 3: The remaining stored energy E_2 is defined by the relationship E_2 = 0.5 × L × I_2^2. Substituting the established parameter I_2 yields E_2 = 0.5 × L × (0.5 × I_1)^2, which mathematically simplifies to E_2 = 0.25 × (0.5 × L × I_1^2) = 0.25 × E_1.
Step 4: Substituting the explicitly specified initial energy E_1 = 2.0 mJ into the derived proportional relationship yields E_2 = 0.25 × 2.0 mJ = 0.50 mJ.",0.50,mJ
NL326,"In an experiment, the dissipated electrical energy was measured to be 0.1 J, and the maximum magnetic energy in the coil was 0.9 J. What is the efficiency of the circuit?","Step 1: Identify the useful energy output from the circuit, which is the maximum magnetic energy in the coil: W_useful = 0.9 J.
Step 2: Identify the energy lost in the circuit, which is the dissipated electrical energy: W_lost = 0.1 J.
Step 3: Calculate the total energy input to the circuit by summing the useful energy and the lost energy: W_total = W_useful + W_lost = 0.9 + 0.1 = 1 J.
Step 4: Calculate the efficiency of the circuit using the formula: Efficiency = (W_useful / W_total) × 100% = (0.9 / 1) × 100% = 90%.",90,%
NL123,"A capacitor has an electric field energy of 2.7 mJ and a voltage of 90 V. Calculate the capacitance (unit: μF, round the result to two decimal places).","Step 1: Identify the given electric field energy (E) as 2.7 mJ and the voltage (U) as 90 V.
Step 2: The formula for the energy stored in a capacitor is E = (1/2)CU², where C is the capacitance.
Step 3: Convert the energy from millijoules to joules: E = 2.7 × 10⁻³ J.
Step 4: Rearrange the formula to solve for capacitance (C): C = 2E / U² ≈ 0.67 μF.",0.67,μF
NL392,"A coil has an inductance of 0.5 H, and the current through the coil is 3 A. Calculate the magnetic field energy.","COT
 Step 1: Identify the given values: Inductance (L) = 0.5 H and Current (I) = 3 A.
Step 2: State the formula for the magnetic field energy (U_B): U_B = (1/2) × L × I²
Step 3: Substitute the values into the formula: U_B = 1/2 × 0.5 × 3²
Step 4: Calculate the final result: U_B = 0.25 × 9 = 2.25 J.",2.25,J
NL012,"A capacitor is charged to U = 80 V, and the stored electrical energy is 1.28 mJ. Calculate the capacitance (μF) of the capacitor.","Step 1: Identify the given values from the question: the voltage U = 80 V and the stored electrical energy E = 1.28 mJ.
Step 2: Convert the energy to SI units: E = 1.28 × 10⁻³ J.
Step 3: Recall the formula for the electrical energy stored in a capacitor, which is E = (1/2)CU².
Step 4: Rearrange the formula to solve for capacitance C: C = 2E / U² = 0.40 μF.",0.40,μF
NL324,"What is the shape of the graph of the electric field energy in a capacitor as a function of the distance 'd' between its plates, given that its capacitance changes due to the plates being stretched apart, while the electric charge on the capacitor is kept constant?","Step 1: The capacitance (C) of a parallel plate capacitor is given by C = εA/d, where ε is the permittivity, A is the plate area, and d is the distance between the plates.
Step 2: The electric field energy (W_C) stored in a capacitor, with constant charge (Q), is given by the formula W_C = Q² / (2C).
Step 3: Substitute the expression for C from Step 1 into the energy formula from Step 2: W_C = Q² / (2 × (εA/d)).
Step 4: Simplify the expression: W_C = (Q²d) / (2εA).
Step 5: Since Q² / (2εA) is a positive constant, the graph of the electric field energy in a capacitor as a function of the distance 'd' between its plates has the shape of a straight line with an upward inclination.",Linear function increases,-
NL361,"A capacitor with capacitance C = 10 µF is connected to an ideal LC circuit. When the voltage across the capacitor is 100√2 V, what is the electric field energy?","Step 1: Identify the given parameters from the problem: capacitance C = 10 µF and the instantaneous voltage V = 100√2 V.
Step 2: Convert the capacitance to standard SI units (Farads): C = 10 × 10⁻⁶ F.
Step 3: State the formula for the energy stored in the electric field of a capacitor: W = (1/2) × C × V².
Step 4: Substitute the given values into the formula: W = (1/2) × (10 × 10⁻⁶) × (100√2)².
Step 5: Calculate the square of the voltage: (100√2)² = 100² × (√2)² = 10000 × 2 = 20000.
Step 6: Perform the multiplication: W = (1/2) × (10 × 10⁻⁶) × 20000.
Step 7: Simplify to find the final electric field energy: W = 5 × 10⁻⁶ × 20000 = 100000 × 10⁻⁶ = 0.1 J.",0.1,J
NL007,"An inductor has a magnetic field energy of 1.8 mJ and an inductance (L) of 0.3 H. Calculate the current (unit: A, round the result to two decimal places).","Step 1: Identify the given values: magnetic field energy E = 1.8 mJ and inductance L = 0.3 H.
Step 2: Convert the energy from millijoules (mJ) to joules (J): E = 1.8 × 10^-3 J.
Step 3: Recall the formula for the magnetic field energy stored in an inductor: E = (1/2) × L × I^2, where I is the current.
Step 4: Rearrange the formula to solve for the current I: I = sqrt(2E / L) = sqrt(30) / 50 A, or approximately 0.11 A.",0.11,A
NL028,An inductor has magnetic field energy of 5 mJ and a current of 2 A. Calculate the inductance (H).,"Step 1: Identify the given values from the question: magnetic field energy U = 5 mJ and current I = 2 A.
Step 2: Convert the energy to Joules: E = 5 x 10^-3 J.
Step 3: Recall the formula for energy stored in an inductor: E = (1/2) × L × I^2.
Step 4: Rearrange the formula to solve for inductance L: L = 2E / I^2 = 0.0025 H.",0.0025,H
NL311,How does the energy stored in a capacitor change if the capacitance is doubled and the voltage is kept constant?,"Step 1: The energy (W_C) stored in a capacitor is given by the formula W_C = (1/2) × C × U^2, where C is the capacitance and U is the voltage across the capacitor.
Step 2: Let the initial capacitance be C and the initial voltage be U.
Step 3: The initial energy stored in the capacitor is W_C_initial = (1/2) × C × U^2.
Step 4: According to the question, the capacitance is doubled (C_new = 2C) and the voltage is kept constant (U_new = U).
Step 5: The new energy stored in the capacitor is W_C_new = (1/2) × C_new × U_new^2 = (1/2) × 2C × U^2 = 2 × (1/2) × C × U^2 = 2 × W_C_initial.
Step 6: Therefore, the energy stored in a capacitor is doubled if the capacitance is doubled and the voltage is kept constant.",Increase by 2 times,-
NL005,"A capacitor has an electric field energy of 0.9 mJ, and its capacitance is C = 20 μF. Calculate the potential difference (unit: V) between its two plates (round the result to two decimal places).","Step 1: Identify the given values from the question: Energy stored (E) = 0.9 mJ and Capacitance (C) = 20 μF.
Step 2: Convert the given values to standard SI units: E = 0.9 × 10⁻³ J and C = 20 × 10⁻⁶ F.
Step 3: Recall the formula for the energy stored in a capacitor, which relates energy (E), capacitance (C), and potential difference (U): E = (1/2)CU².
Step 4: Rearrange the formula to solve for the potential difference: U = √(2E / C) = 3√10 V, or approximately 9.49 V.",9.49,V
NL033,An inductor has an inductance L = 0.15 H and a current of 2.5 A. Calculate the stored magnetic field energy (mJ).,"Step 1: Identify the given values: Inductance L = 0.15 H and current I = 2.5 A.
Step 2: Recall the formula for the energy stored in an inductor: E = 0.5 × L × I^2.
Step 3: Substitute the given values into the formula: E = 0.5 × 0.15 H × (2.5 A)^2.
Step 4: The final calculated value of E: E = 0.46875 J = 468.75 mJ.",468.75,mJ
NL319,A capacitor stores 0.2 J of energy when the voltage across it is 100 V. What is its capacitance (µF)?,"Step 1: Identify the given values from the question: Energy stored (W_C) = 0.2 J and Voltage (U) = 100 V.
Step 2: Recall the formula for the energy stored in a capacitor: W_C = (1/2) × C × U^2.
Step 3: Rearrange the formula to solve for capacitance (C): C = 2W_C / U^2.
Step 4: Substitute the given values into the rearranged formula: C = (2 × 0.2 J) / (100 V)^2 = 4 × 10^-5 F = 40 µF.",40,µF
NL347,"A coil has a magnetic field energy of 0.5 J, and the current through the coil is 5 A. What is its inductance (H)?","Step 1: Identify the given magnetic field energy, W_L = 0.5 J.
Step 2: Identify the given current through the coil, I = 5 A.
Step 3: Recall the formula for the magnetic energy stored in an inductor: W_L = (1/2) × L × I^2.
Step 4: Rearrange the formula to solve for inductance (L): L = (2 × W_L) / I^2 = 0.04 H.",0.04,H
NL301,A capacitor with a capacitance of 5 µF is charged to a voltage of 200 V. What is the energy (J) stored in the capacitor?,"Step 1: Identify the given capacitance C = 5 µF and voltage U = 200 V.
Step 2: Convert the capacitance from microfarads (µF) to farads (F): C = 5 µF = 5 × 10^-6 F.
Step 3: State the formula for the energy stored in a capacitor (W_C): W_C = (1/2) × C × U^2.
Step 4: Substitute the given values into the formula: W_C = (1/2) × 5 × 10^-6 × 200^2 = 0.1 J.",0.1,J
NL346,The energy stored in a capacitor is 0.1 J when the potential difference across it is 100 V. What is the charge (mC) on the capacitor?,"Step 1: The explicitly specified physical parameters for the capacitor are the stored electric field energy W_C = 0.1 J and the potential difference U = 100 V.
Step 2: The instantaneous electric field energy localized within a capacitor is mathematically defined by the algebraic equation W_C = 1/2 × Q × U, where Q represents the total stored electric charge.
Step 3: Algebraic manipulation of the governing energy equation to isolate the charge parameter mathematically yields the expression Q = 2 × W_C / U.
Step 4: Substituting the explicitly specified numerical parameters into the derived algebraic expression yields Q = 2 × 0.1 / 100, which evaluates mathematically to the scalar quantity 0.002 C = 2 mC. The final calculated charge on the capacitor is 2 mC.",0.002,mC
NL011,A capacitor has a capacitance C = 30 μF and a voltage U = 120 V. Calculate the energy (mJ) stored in the electric field.,"Step 1: Identify the given capacitance (C) and voltage (U).
Step 2: The capacitance C is 30 μF, which is 30 × 10⁻⁶ F. The voltage U is 120 V.
Step 3: Recall the formula for the energy (E) stored in a capacitor: E = 1/2 × C × U².
Step 4: Substitute the given values into the formula: E = 1/2 × (30 × 10⁻⁶ F) × (120 V)² = 216.00 mJ.",216.00,mJ
NL336,"In an LC circuit, the electric field energy varies with time as: W_C = 0.5cos²(1000t). What is the magnetic field energy (J) at time t = π / 2000 s?","Step 1: The given electric field energy is W_C = 0.5cos²(1000t) and the time is t = π / 2000 s.
Step 2: The maximum value of the electric field energy in the circuit, which represents the total energy, is W_total = 0.5 (when cos²(1000t) = 1).
Step 3: In an ideal LC circuit, the total energy is conserved, meaning the sum of electric and magnetic field energies is constant: W_total = W_C + W_L.
Step 4: Calculate the electric field energy (W_C) at the given time t = π / 2000 s: W_C = 0.5cos²(1000 × (π / 2000)) = 0.5cos²(π / 2) = 0.5 × (0)² = 0. Therefore, the magnetic field energy W_L = W_total = 0.5 J.",0.5,J
NL337,"A capacitor has a capacitance of 20 µF, and the voltage changes from 0 to 300 V. What is the maximum electric field energy (J) achieved?","Step 1: Identify the given capacitance of the capacitor, C = 20 µF.
Step 2: Convert the capacitance from microfarads (µF) to farads (F): C = 20 µF = 20 × 10^-6 F. 
Step 3: Identify the maximum voltage reached across the capacitor, U_max = 300 V.
Step 4: Recall the formula for the energy (U) stored in a capacitor: W_C = (1/2) × C × U^2. Therefore, the maximum electric field energy is: W_C_max= (1/2) × C × U_max^2 = (1/2) × 20 × 10^-6 × 300^2 = 0.9 J.",0.9,J
NL348,A capacitor has a capacitance of 10 µF. The voltage changes according to U = 100 sin(1000t). What is the maximum electric field energy (J)?,"Step 1: Identify the given capacitance C = 10 µF and the voltage function U = 100 sin(1000t).
Step 2: Convert the capacitance to the standard unit (Farads): C = 10 µF = 10 × 10^-6 F.
Step 3: Determine the maximum voltage (U_max) from the given voltage function U = 100 sin(1000t): U_max = 100 V.
Step 4: Recall the formula for the energy (W) stored in a capacitor: W = (1/2) × C × U^2. Therefore, the maximum electric field energy is: W_max = (1/2) × C × U_max^2 = 0.05 J.",0.05,J
NL001,A capacitor with a capacitance of C = 20 μF is charged to 100 V. Calculate the energy (mJ) stored in the capacitor.,"Step 1: Identify the given values: Capacitance (C) = 20 μF and Voltage (U) = 100 V.
Step 2: Convert the capacitance to the standard SI unit (Farads): C = 20 × 10⁻⁶ F.
Step 3: Recall the formula for the energy (E) stored in a capacitor: E = (1/2)CU².
Step 4: Substitute the given values into the formula: E = (1/2) × (20 × 10⁻⁶ F) × (100 V)²  = 0.1 J = 100.00 mJ.",100.00,mJ
NL381,A capacitor with a capacitance of 5 µF is charged to a voltage of 180 V. Calculate the electric field energy of the capacitor.,"Step 1: Identify the given parameters: capacitance C = 5 µF and voltage V = 180 V.
Step 2: Convert the capacitance to standard SI units (Farads): C = 5 × 10⁻⁶ F.
Step 3: State the formula for the energy stored in the electric field of a capacitor: W = (1/2) × C × V².
Step 4: Substitute the given values into the formula: W = (1/2) × (5 × 10⁻⁶) × 180².
Step 5: Calculate the square of the voltage: 180² = 32400.
Step 6: Perform the multiplication: W = 2.5 × 10⁻⁶ × 32400.
Step 7: The final calculation yields the electric field energy: W = 81000 × 10⁻⁶ = 0.081 J.",0.081,J
NL355,A capacitor has a charge of 1800 µC and a capacitance of 9 µF. What is the stored energy (J)?,"Step 1: Identify the given charge Q = 1800 µC and capacitance C = 9 µF.
Step 2: Convert the charge and capacitance to standard SI units: Q = 1800 × 10⁻⁶ C and C = 9 × 10⁻⁶ F.
Step 3: Recall the formula for the energy (W_C) stored in a capacitor, which relates charge and capacitance: W_C = (1/2) × Q² / C.
Step 4: Substitute the converted values into the formula: W_C = (1/2) × (1800 × 10⁻⁶ C)² / (9 × 10⁻⁶ F) = 0.18 J.",0.18,J
NL111,A capacitor with C = 100 μF is charged to 80 V. Calculate the electric field energy (mJ) stored in the capacitor.,"Step 1: The given capacitance is C = 100 μF and the voltage is U = 80 V.
Step 2: Convert the capacitance to Farads: C = 100 × 10⁻⁶ F. The formula for the electric field energy (E) stored in a capacitor is E = (1/2)CU².
Step 3: Substitute the values into the formula: E = (1/2) × (100 × 10⁻⁶ F) × (80 V)².
Step 4: Calculate the energy: E = (1/2) × (100 × 10⁻⁶) × 6400 = 0.32 J = 320.00 mJ.",320.00,mJ
NL393,A capacitor has a capacitance of 6 µF. The voltage at time t is V(t) = 100 × cos(2000t) V. Calculate the energy stored in the electric field at t = 0.0015 s.,"CoT:
Step 1: Identify the given values: Capacitance (C) = 6 µF = 6 × 10⁻⁶ F, the voltage function V(t) = 100 × cos(2000t), and time (t) = 0.0015 s.
Step 2: Calculate the voltage (V) at t = 0.0015 s. Note that the argument (2000 × t) is in radians: V = 100 × cos(2000 × 0.0015) = 100 × cos(3 rad).
Step 3: Find the value of cos(3 rad): cos(3) ≈ -0.99. Thus, V ≈ 100 × (-0.99) = -99 V.
Step 4: State the formula for the electric field energy (U_E): U_E = (1/2) × C × V²
Step 5: Substitute the values and calculate the result: U_E = 0.5 × (6 × 10⁻⁶) × (-99)²
Step 6: Calculate the final result: U_E = 3 × 10⁻⁶ × 9801 ≈ 0.0294 J.",0.0294,J
NL105,"An ideal LC circuit undergoes simple harmonic oscillation. At the moment the current reaches its maximum, which energy is at its maximum?","Step 1: The question describes an ideal LC circuit, which means energy oscillates between the inductor and the capacitor without loss.
Step 2: In an LC circuit, energy is stored as electric energy in the capacitor E_C = (1/2) × C × U^2 and as magnetic energy in the inductor E_L = (1/2) × L × I^2.
Step 3: The magnetic energy stored in the inductor is directly proportional to the square of the current I^2.
Step 4: Therefore, when the current reaches its maximum value, the magnetic energy stored in the inductor will also be at its maximum.",the magnetic energy stored in the inductor will also be at its maximum,—
NL085,A capacitor has an energy of 0.6 mJ and a capacitance of 30 μF. Calculate the voltage (unit: V) across its plates (round the result to two decimal places).,"Step 1: Identify the given values: Energy (E) = 0.6 mJ and Capacitance (C) = 30 μF.
Step 2: Convert the given values to SI units: E = 0.6 × 10⁻³ J and C = 30 × 10⁻⁶ F.
Step 3: Recall the formula for the energy stored in a capacitor: E = ½CU², where U is the voltage.
Step 4: Rearrange the formula to solve for U: U = √(2E/C) = 2√10 V ≈ 6.32 V.",6.32,V
NL325,"At time t, the electric field energy is 3/4 of the total energy in an ideal LC circuit. What fraction is the magnetic field energy?","Step 1: In an ideal LC circuit, the total energy (W_total) is conserved and is the sum of the electric field energy (W_C) and the magnetic field energy (W_L).
 Step 2: The total energy can be expressed as W_total = W_C + W_L.
 Step 3: The question states that at time t, the electric field energy (W_C) is 3/4 of the total energy, so W_C = (3/4) × W_total.
 Step 4: Substitute W_C into the total energy equation: W_total = (3/4) × W_total + W_L. Rearrange the equation to solve for W_L: W_L = W_total - (3/4) × W_total = (1/4) × W_total. Therefore, when the electric field energy is 3/4 of the total energy, the magnetic field energy is 1/4 of the total energy.",1/4,-
NL029,"A capacitor has C = 30 μF, voltage U = 90 V. Calculate the stored electric field energy (mJ).","Step 1: Identify the given values from the question.
Step 2: The capacitance (C) is 30 μF and the voltage (U) is 90 V.
Step 3: Convert the capacitance from microfarads to farads: C = 30 × 10⁻⁶ F.
Step 4: Recall the formula for the energy (E) stored in a capacitor: E = ½CU² = 0.1215 J = 121.50 mJ.",121.50,mJ
